{
    "0": 0.0009483930007263552,
    "1": 0.0005565499996009748,
    "2": 0.00026996000087819993,
    "3": 0.00039718699918012135,
    "4": 0.0005950180020590778,
    "5": 0.00025417500000912696,
    "6": 0.00037518699900829233,
    "7": 0.00029015100153628737,
    "8": 0.0005929190010647289,
    "9": 0.0008926270020310767,
    "10": 0.0002647219989739824,
    "11": 0.0003047720019822009,
    "12": 0.00034708699968177825,
    "13": 0.00026172000070801005,
    "14": 0.0002348710004298482,
    "15": 0.00023967100059962831,
    "16": 0.0002573229976405855,
    "17": 0.00023528100064140745,
    "18": 0.00024653999935253523,
    "19": 0.00022869400345371105,
    "20": 0.0002553289996285457,
    "21": 0.0004085969994775951,
    "22": 0.00023783399956300855,
    "23": 0.00027973200121778063,
    "24": 0.00023522799892816693,
    "25": 0.00023545499789179303,
    "26": 0.00028681399999186397,
    "27": 0.0002805260010063648,
    "28": 0.00023891800083220005,
    "29": 0.0002699090000533033,
    "30": 0.00024310799926752225,
    "31": 0.0003029789986612741,
    "32": 0.00022753799930796959,
    "33": 0.00025466499937465414,
    "34": 0.0002425399979983922,
    "35": 0.0002452299995638896,
    "36": 0.00024030799977481365,
    "37": 0.00023330600015469827,
    "38": 0.00025741699937498197,
    "39": 0.0002466119985911064,
    "40": 0.00023593199875904247,
    "41": 0.0002471350017003715,
    "42": 0.00023545699878013693,
    "43": 0.0002386030027992092,
    "44": 0.00024411900085397065,
    "45": 0.00031926199881127104,
    "46": 0.00022759399871574715,
    "47": 0.00024637800015625544,
    "48": 0.00023381600112770684,
    "49": 0.00022731500212103128,
    "50": 0.0002651269969646819,
    "51": 0.00024742800087551586,
    "52": 0.00026355999943916686,
    "53": 0.0002568710006016772,
    "54": 0.0002586980008345563,
    "55": 0.00024441499772365205,
    "56": 0.0004132610010856297,
    "57": 0.00026351400083513,
    "58": 0.0002548439988458995
}